{
  "project_info": {
    "project_number": "787579625949",
    "project_id": "unabizproject",
    "storage_bucket": "unabizproject.appspot.com"
  },
  "client": [
    {
      "client_info": {
        "mobilesdk_app_id": "1:787579625949:android:06aa0a3a6e986bdccdd634",
        "android_client_info": {
          "package_name": "com.kairan.esc_project"
        }
      },
      "oauth_client": [
        {
          "client_id": "787579625949-rd3bjn54b3fbcked766sik2dv982be3o.apps.googleusercontent.com",
          "client_type": 3
        }
      ],
      "api_key": [
        {
          "current_key": "AIzaSyC9DAAG6ZHkbi7bu0A87399QGNJ38tzOec"
        }
      ],
      "services": {
        "appinvite_service": {
          "other_platform_oauth_client": [
            {
              "client_id": "787579625949-rd3bjn54b3fbcked766sik2dv982be3o.apps.googleusercontent.com",
              "client_type": 3
            }
          ]
        }
      }
    }
  ],
  "configuration_version": "1"
}